Resolution,Avg Compute Time [s],Avg Path Length [m]
0.03,13.578715980299785,14.829317574723802
0.04,6.189227771899823,14.850195263783567
0.05,3.4225388676004513,14.832735065156267
0.06,2.144071570700362,14.853167648646746
0.07,1.461619362100464,14.958469563034622
0.08,0.9762751005999235,14.80431293827687
0.09,0.7633921772998292,15.05657986542341
0.1,0.5559665199996744,14.361148798946298
0.11,0.4413913999000215,14.840594971363336
0.12,0.36296479150023514,14.710999050634044
