Resolution,Avg Compute Time [s],Avg Path Length [m]
0.09,0.7708874714002377,15.05657986542341
0.1,0.5631859684999654,14.361148798946298
